y,V1,V2,V3,V4,V5,V6,V7,V8,V9,V10
1,0.806276565,0.199784271,0.786638143,0.104541715,0.637190104,-0.19687726,0.020889139,0.01531392,0.087408148,-0.008065546
0,-0.089344779,0.498304674,0.143340501,0.084868386,0.211587392,-0.482756353,0.295422029,0.185769723,-0.084456987,0.323347875
0,1.025765437,0.398722183,1.129162845,1.264250696,0.968301337,0.002738838,0.714782219,0.351895405,1.044216415,-0.786848725
0,-2.156578757,-1.391518796,-2.022969843,-1.482187951,-2.208628927,-0.916847632,-0.442399335,-2.199066211,-1.186584707,-2.534712352
0,0.068804192,0.009622317,-0.213282889,-0.420569794,0.216083027,-0.01066755,-0.006138222,-0.678443352,0.517073095,-0.619563113
0,-0.158772132,1.04389726,0.250559377,0.595793271,0.566896078,-0.589173814,0.723936328,0.73409973,0.516445968,0.308784012
0,0.94197843,1.482284756,1.6272035,1.346042438,1.13580864,1.103995219,-1.235494205,0.817737454,1.812714927,1.138381317
0,-0.570470968,-0.783874273,-0.756165354,-1.109591159,-1.42958313,-0.100319322,-1.016195132,-1.147837039,-1.737830184,0.045226756
1,-0.073611312,1.45034314,0.327443189,-0.201171813,0.218847299,0.904457505,1.493820671,1.188847908,0.259802198,1.13804672
0,-1.603185336,-1.599785909,-1.635965923,-0.906827908,-1.048777415,-0.81249409,-0.647232701,-0.099600575,-1.000024094,-0.713987454
0,-0.84762654,-0.335969961,-0.748606796,-0.623475838,-0.569218232,-0.885913292,-1.087657038,-0.104414718,-1.120199942,0.634687474
0,-1.245949442,-0.942018969,-1.101660738,-1.344991193,-1.254224283,0.913879757,-1.214134914,-0.274356814,-0.48984229,-0.048043267
0,-0.387681313,-0.465978711,-0.442598534,-0.697561338,-0.479658055,-0.087868902,-0.072283861,-0.20989395,-0.675186116,-0.360329853
0,-0.94034468,-0.384556245,-0.906820617,-1.596618154,-1.329860461,-0.286449595,-1.689694809,-0.677748024,-1.913140957,0.929345105
0,0.010316332,0.131076658,0.676590834,0.626477178,0.385656441,0.849364132,0.304951466,1.102715677,0.839932838,0.662563422
0,-0.481315973,-1.031176147,-0.633753463,-1.211488049,-1.314561201,1.066309531,-1.847427199,-0.894524903,-0.771229007,-0.236568151
1,-0.381834946,-1.380873439,-0.461013618,-0.411202699,-1.103525881,-0.691681898,-1.187041869,-1.11479366,-1.707595242,-0.336776274
1,0.855078329,1.027387598,0.462812474,-0.470803928,0.800948075,-0.006604366,0.903534532,-0.171257599,0.246391319,1.096593832
0,0.246134604,0.121944089,0.415888899,0.661024835,0.164246282,1.057250737,0.607605262,0.380744362,0.932409132,-0.228218273
1,-0.910501989,-0.424476353,-1.004899126,0.158300115,-0.15183418,-1.31441121,0.920465536,-0.465632466,-0.127349793,-0.815687016
1,1.130807766,0.980593998,0.884554378,1.504076685,1.042601556,-0.251735048,0.747849008,0.559292876,0.651836526,0.41122449
1,1.770312653,1.345410665,1.335718242,0.212506189,1.338230058,1.356537916,-0.005713653,0.682041508,1.296737049,1.464248386
1,1.008393565,2.270165772,1.346467731,1.624636634,1.149854405,-0.515571198,2.038199882,1.268994713,0.259706187,0.586617851
1,1.232490483,-0.694300424,1.088993156,0.099741175,0.289629543,1.911083199,-1.513373066,0.265570225,0.67577859,0.571784595
1,0.312263105,2.859077111,1.623187692,2.493385462,1.572509295,-0.917356375,1.907795877,1.782868733,1.33475882,1.441566352
1,1.015132513,0.444077013,1.529450562,0.819905792,0.663040742,2.224134058,-0.726630454,1.509377485,1.223623371,1.864269331
0,-0.577824323,-1.001391968,-0.665627436,-0.190596814,-0.234087791,-0.834094895,0.182389219,-0.706502352,-0.113922061,-0.923909166
1,-0.938624282,0.017418319,-0.774796017,0.499508336,-0.504137186,-1.832283882,-1.138417761,-0.856145843,-0.540292691,-0.688433178
1,1.149435712,0.773400475,1.031841463,0.53706497,0.981455244,0.828996901,-0.350550907,1.208536755,0.517087381,1.571618969
1,0.257438564,1.363903379,0.455327267,0.732261682,1.246992648,-0.027047549,0.875424146,1.175735662,1.463809766,0.612319557
1,-0.041198824,-1.293603145,-0.49689511,-1.054633169,-0.758213741,0.522939613,-1.050285221,-0.636705937,-0.985611864,0.075845091
1,-2.142688426,-0.362895948,-2.152691521,-2.152962986,-1.299901098,-0.652594626,-1.366284101,-1.125910679,-0.741800155,0.170870352
0,1.012465449,1.342421194,0.484549775,-0.041649213,0.692171332,0.397635665,0.852969211,0.437264726,-0.074430694,0.939686913
0,0.255314873,-1.526362977,-0.117676635,-0.094556819,-0.089587961,0.105647776,-0.611618056,-0.342555729,-0.244594035,-0.724967898
0,-0.518831173,-1.436017565,-1.053544644,-1.007251968,-1.074456325,0.264592028,-0.893570719,-0.85398235,-0.785047484,-1.309943123
1,-0.630080186,0.146824554,-0.387676154,0.478025261,-0.525327001,-0.797390005,0.290361187,-0.561352797,-0.358270461,-1.050032675
0,-1.444576684,-1.683062416,-1.530965855,-2.006837568,-1.970148192,0.070744832,0.607711022,-0.604803346,-2.224243155,-0.760027085
1,-0.271001986,1.084393931,0.438300767,0.807464875,0.231119561,0.124607442,0.689307945,1.032847076,0.478099374,0.824450389
1,1.150053342,-0.727321224,0.938556453,0.023297552,0.247191617,1.923999253,-0.543002943,0.317550892,0.619224259,-0.008462728
1,0.319289126,3.144115681,0.824001625,0.694434191,0.85436941,-0.82101702,2.047069319,0.469141827,0.52745314,1.242103986
0,0.09813258,-0.441163876,-0.668681145,-1.28803613,-0.868088447,0.146918273,-1.701600608,-1.145396418,-1.083073701,-0.042619588
0,-0.918450008,-0.536886694,-0.117238845,0.34005948,-1.373600955,0.060992714,0.837438726,-0.848515141,-0.398978817,-2.134702241
0,-0.65226825,1.277355844,-0.692793131,-0.353497806,-0.923366414,-1.506155632,0.583005656,-1.840737476,-0.727509906,-2.036495007
1,-1.060714094,0.584223081,-1.020796877,-0.244718173,-0.047008009,-2.219490998,0.366083776,-0.169624182,-0.788090236,-0.22442329
1,-0.277207915,0.486189365,-0.279559737,0.206684462,-0.209130286,0.113281796,1.191039588,-0.326442257,0.533753137,-1.241364052
0,1.507982735,-0.620286285,1.257835297,0.796730155,0.37608086,1.924309506,-1.151147155,0.564383423,0.484733082,0.743605886
0,-0.538333779,-0.150583727,-0.6449621,-1.211626403,-0.489980153,-0.553544492,-1.404066765,-0.817271756,-0.754492371,-0.218693153
1,-0.492159124,0.254889841,-0.705901267,-1.120653197,-0.973518705,0.567457868,-0.170788484,-0.283685728,-0.945311692,0.281739942
0,1.551877167,-0.460871419,0.893860077,-0.063198935,1.335298128,1.337718863,-0.18301168,0.928566013,1.087152162,1.125804312
1,0.330072313,-0.020505841,0.601112007,0.045093238,1.074362339,0.562928473,-1.196633615,1.210062214,1.137094778,1.391654637
1,0.825719123,-0.454088321,1.312954763,1.481898344,1.109383599,0.883954329,-0.514574944,1.665522342,1.395706579,0.861847937
1,-0.003890976,0.419731519,0.472212175,1.208918764,0.643071877,-0.1909069,-0.107088043,0.742299156,0.779512618,0.838921863
1,-0.604074261,-0.199857327,-0.469908562,-0.337258418,-0.989071694,0.319870927,-0.184960377,-0.658406906,-0.343722241,-0.911428453
1,0.17198682,1.050922537,0.757589597,0.720563472,0.825169303,0.789579145,-0.140399443,1.347447048,1.37245934,1.174259143
0,0.735298482,1.746920104,0.662176219,0.808485848,1.611787965,-1.12796661,1.685627449,0.591708813,0.933228115,0.681452788
0,-1.155133805,-1.067297533,-1.365848896,-1.339403896,-1.458026112,-0.002727544,-0.941834938,-1.617720027,-0.684053053,-1.558549203
0,-1.799144681,-1.155213987,-1.337267279,-1.048105946,-0.828510724,-0.849166438,-0.446021816,-1.378156416,0.150700844,-1.656395413
0,-0.401037516,-1.535092917,-0.298253309,-0.223603426,-1.13043473,1.100265133,-0.596384666,-0.161005952,-0.396672057,-1.203607725
1,0.313964245,1.085745342,0.792239191,0.944534386,0.802470558,-0.226312497,0.819223736,0.781541653,0.739271522,0.317963856
0,-0.078726691,0.766101521,0.299089858,0.50272241,-0.142442023,-0.169771611,-0.726923633,0.368290597,-0.329366221,0.318286324
1,-0.344919692,-2.239190522,-0.473589772,-0.04834028,-0.986995321,-0.763253282,-1.018469083,-1.297558764,-0.963832212,-1.775800922
1,0.240466204,0.295787152,0.266123662,0.423744949,-0.351042981,0.405123459,0.680978734,-0.193995889,0.227487669,-0.737315408
1,-0.038381564,0.199014079,0.289810077,0.003837319,-0.039972509,-0.321953396,0.437635787,0.441906841,-0.657238733,0.636284308
0,-1.880266313,0.303391885,-0.85632735,0.283198857,-0.875067711,-1.960788392,2.040061283,-0.340924503,-0.862404479,-1.454747035
1,-0.579406286,-0.566941959,0.101553712,0.296420935,-0.705808769,-0.836551204,-0.913980546,-0.733743057,-0.607132874,-0.84696538
0,-0.820464178,0.722929007,-0.460551425,0.612976077,0.116287631,-2.175346292,1.66858255,-0.281003733,-0.062781399,-1.341865968
1,0.439573869,-1.098385723,-0.353552221,-0.23801516,0.229747727,-0.320654087,0.078029606,-0.443952273,-0.353430904,-0.276802217
1,0.613764992,-0.207974032,1.152792938,2.042409134,1.10306988,0.359225826,-0.164311294,1.249514933,1.81350558,0.185689447
0,1.391462561,-0.701679672,0.748107568,0.227108505,0.427868356,0.488568597,-0.201402725,-0.202277422,-0.243873649,-0.139534039
1,0.394982902,-0.191245891,0.225882149,0.317493927,0.424594696,-0.126392455,-0.908070044,0.46378545,-0.025234423,0.825962831
1,1.153961805,0.460972562,1.182619623,0.244760158,0.567827269,1.59686652,-0.147847177,0.58763252,0.64826332,0.664699477
1,0.465022507,-0.615354211,0.736717723,0.291095315,1.721426398,0.665120023,-0.195950372,1.788098416,1.7106755,1.578722356
0,0.138270218,1.907340855,1.009785802,2.115835885,-0.152018354,-0.374386418,1.952813617,-0.060223235,0.464455298,-1.24584068
0,-0.268745893,-0.227967021,0.256296023,0.556146436,0.006909386,-0.070741701,-0.130825462,0.374000258,0.2186059,-0.249364978
0,0.666566049,1.070791046,1.071247272,1.385456133,1.107090303,0.596540008,1.374213835,1.001798215,1.601884123,0.227033199
1,1.090122989,0.41874633,1.420011806,1.269419456,0.910952309,0.255955282,0.595423803,1.344266699,0.209228089,0.792042318
1,0.754122544,-0.349123479,0.657348577,0.422519812,0.430278393,1.435151594,-0.808720015,0.408028008,1.010780004,0.294250809
0,-0.181991004,-0.053460445,0.712581819,0.378275356,-0.241732937,0.597110485,-0.286524598,0.736517453,-0.094395359,0.742642928
0,1.271836248,-0.325755634,1.31518613,0.81613304,0.737686111,1.107909217,-0.65154169,1.038766687,0.691755591,0.389730721
0,0.573585302,-1.085840305,0.847133635,0.695144105,-0.057422249,1.118133293,-0.099813081,0.818796567,0.124732643,0.105599665
1,-0.616841648,0.241639189,-0.159302195,0.920864628,0.111231542,-1.296697122,0.214797059,-0.231702493,0.236784102,-0.395133379
0,-1.369165557,-1.031313246,-1.529401339,-1.315734643,-1.863192332,-1.607045469,-0.293563533,-1.913436475,-2.372784427,-1.546224818
0,-1.40535091,-0.464388232,-1.130632667,-0.881727781,-0.478273581,-0.209860632,0.887957573,-0.156768039,0.340374114,-0.614275957
0,-0.606975146,0.144154251,-0.011508478,0.379011197,0.115575175,0.218929715,0.044297383,0.749992347,0.716979254,0.814152891
1,0.612812371,0.563167154,0.842525319,1.652100138,1.004689728,-0.770678514,1.55215719,0.966413738,0.643108247,0.020336255
1,-0.627637687,1.201216173,-0.480525502,-0.1159781,0.397980684,-1.201416619,0.452613764,0.24712407,0.004463933,1.04590874
1,0.830589401,0.246096154,0.370220017,-0.107123379,-0.334052892,0.566296402,0.119435132,-0.603030434,-0.622960931,-0.338906726
1,0.886991364,0.900775967,0.816524772,0.93871638,0.720803825,-0.002784776,1.073084448,0.42257166,0.359246372,-0.003642412
1,1.212475445,0.873905466,1.097314356,1.168015795,1.710073358,0.35992098,-0.076006868,1.121049506,1.502573932,1.546886413
0,-0.061004552,-0.569531468,-0.818006629,-1.701987898,-0.310851618,-0.13255549,-2.034112268,-0.887780261,-1.001932722,0.828589251
0,-0.699614735,-0.247055528,-0.832439237,-1.030272861,-0.477905941,-0.721596276,-2.148483716,-0.038297002,-1.270449464,0.998661679
0,0.829878389,-0.07626584,1.189048403,0.885060809,0.891751497,1.347169736,-0.381612234,1.52714607,0.950090731,1.679833403
0,-0.016871711,1.43653892,0.005147685,0.531106384,0.384190533,-1.127290708,1.430807531,-0.135963739,0.160223249,-0.421408187
1,-0.236843915,-0.407954216,-0.104657171,0.716164769,-0.582231115,0.167978886,1.435634695,-0.515712344,0.304426165,-1.948185848
0,-0.159909639,-0.051105817,0.034452975,0.774651084,0.149905258,-0.524971158,0.421843218,0.423597149,0.04759629,0.143913034
1,0.519627783,-1.750381553,0.060490681,-0.02742671,0.072461464,0.873314028,-0.794337488,0.344680932,0.041419807,0.218024748
0,0.842329304,0.740433178,0.74688883,0.186253895,0.084098769,1.214300057,1.025815532,0.110341661,0.243501929,-0.297797831
1,-1.095182084,-0.816418874,-0.951349497,-1.067536907,-1.294312409,0.424404584,-0.168988498,-0.3115471,-0.675730357,-0.544039187
1,-0.957451168,0.550272143,-0.414855133,0.25027421,0.044733639,-1.372282664,0.830591561,0.0355109,-0.08999464,0.074726844
1,1.097597411,0.953445625,0.632377446,0.32518813,0.571658351,1.323739688,-1.075853763,0.607246639,0.626530916,0.858521891
1,-0.076851524,-0.161401156,0.345018211,0.855097339,-0.393085499,0.700009293,1.159752559,0.691884395,0.05093168,-0.124329204
1,-0.441264429,0.822388669,-0.372804362,-0.715620646,-0.223019866,0.105609842,-0.180631003,0.171763593,-0.160833009,0.317520916
1,0.214500829,1.13718649,0.055124951,1.002438868,1.150489932,-1.129881321,2.235945153,0.807339413,0.692775041,0.041539599
0,1.435444583,0.102310667,1.185490812,0.761172817,1.315687623,1.218625249,0.863999124,0.781800258,1.549594105,0.295953425
0,-1.276405113,0.579028108,-0.892155143,0.625428404,0.152808674,-2.436797503,1.366726964,0.138319173,-0.163192173,-0.417847515
0,-1.375115281,-1.271439157,-0.976231043,-1.374617192,-1.18410527,0.295173246,-2.436571616,-0.122516449,-0.912255374,0.778152977
1,0.11358333,-0.706898955,0.084944049,-0.976734268,-0.562115051,1.936788608,-0.538645165,0.845352795,-0.375647453,0.741064577
0,-0.021575835,-0.956898548,-0.239839056,-0.070261987,0.157418566,-0.119751133,-0.551701243,-0.541219762,0.589456484,-0.263096594
1,1.069463875,0.312661225,0.624210601,0.469972812,1.198540602,0.431896906,-1.177799436,0.405731747,1.165561872,0.643093798
0,-0.641960689,-0.672282419,-0.818196201,-0.783815065,0.513797587,-0.244023112,0.355958724,0.062032618,0.793060697,0.31684365
1,1.040502163,-0.308942492,1.140145705,1.353646249,1.100207703,0.759767646,-0.403139286,1.004485019,1.270508757,0.359142051
0,-1.448488384,-1.767924185,-1.628301054,-1.868636289,-1.812260972,0.454187118,-0.349203651,-1.577594741,-0.867017563,-1.659165484
0,-0.119667378,0.365491704,0.340853198,0.641805028,0.249381767,0.277470138,0.189044536,1.14821374,0.166975693,1.100302431
1,-1.016085769,0.126771094,-0.838786485,-0.002599124,-0.670604393,-1.629147799,-0.317864067,-0.830479094,-0.732617775,-1.200249222
1,0.592890492,0.430226759,0.6842972,0.38216779,0.539872027,0.024306764,-0.30212082,0.431077768,0.232650946,0.739839393
1,1.218840718,-1.032810312,0.574601313,0.088261071,1.093962647,1.010649125,-1.651374042,0.711998201,0.780301719,1.082716313
0,0.905529617,1.077639716,0.978297259,0.565558891,1.173833251,0.389583656,0.133942257,1.097519605,0.749704383,1.46513166
0,0.056611202,0.88401315,0.048750513,0.360303002,-0.445546054,-0.683443694,1.58352756,-0.90821057,-0.615779765,-0.748352072
0,-0.133618456,-0.102251327,-0.647500989,-1.014399569,-1.052642943,0.212863452,0.811021421,-1.275959187,-0.983625725,-0.776497907
1,0.909399402,0.491849253,0.955648739,0.200368626,0.864113902,0.431705697,0.08304473,0.623566686,0.297558685,1.321194059
0,0.456836828,0.30771955,0.420714135,-0.005317626,0.201301323,0.595635633,-0.477450538,0.083622384,0.32391406,0.385576783
1,0.567366826,0.530962248,0.328269154,0.371630459,0.77537202,0.159598239,0.413859017,0.010026538,1.046512457,-0.105982402
1,0.771371319,1.313310309,1.071859119,1.130634025,1.834501495,-0.171858211,1.095343906,1.16509153,1.934679423,0.800988349
0,-0.969345329,-1.279382293,-0.423722075,0.141983433,-0.111058397,-1.337275408,-1.609720121,-0.555839814,0.111196086,-0.498120875
0,-0.236293879,1.024865503,-0.373734422,-0.857926982,-0.159951086,-2.076698102,-0.035204318,-1.107656776,-1.540817189,0.319659521
1,-1.101083805,-0.882530706,-1.417261708,-1.614330363,-0.718739276,-1.079697171,-1.028060808,-1.202771556,-0.763530771,-0.528022846
0,-0.518418023,-0.156429507,-0.211752718,-0.797685667,-0.3550291,0.646144925,0.345604853,0.193645508,-0.038137754,0.106790871
0,-1.19888949,1.455626737,-0.788776848,-0.632464862,-0.903529555,-1.433663359,1.560206901,-0.432095181,-1.249902252,-0.35069626
0,-1.148984565,-0.014393154,-0.663262789,-0.254876796,-0.404414102,-0.931167779,-0.472335555,-0.269288983,-0.149493538,-0.009638947
1,0.044998558,0.698772317,0.712641282,0.86271213,0.015034511,0.864688533,1.612256552,1.833263347,-0.035201842,0.802879664
0,-0.388403961,-0.410947642,-0.697934422,-1.09866298,-0.309906761,-0.308354972,-1.095163025,-0.257849571,-0.818096987,0.618013201
0,-1.43775387,-0.515890946,-2.291464958,-2.789901691,-1.782839202,-0.244684139,-1.202204374,-1.727259135,-1.989810708,0.08019505
1,-2.467042352,-0.878253213,-2.400230236,-1.751179729,-1.850149017,-1.969895257,0.790088708,-1.913661008,-1.592518175,-1.88709583
0,0.023775759,0.418039512,0.13169785,0.69743714,1.098375062,0.161101029,-1.057031876,1.389665051,1.205474206,1.609729419
0,-1.588532239,-1.000353363,-1.805865452,-1.837845493,-1.122262151,-0.741114628,-0.072476295,-0.396303159,-1.547967901,-0.112511546
0,-0.05710251,-0.127700954,0.020595646,-0.037076847,-0.637764249,0.438046199,-0.313736536,-0.410856563,-0.485534791,-0.31767735
0,-1.631156949,-1.101664188,-1.647781934,-1.950119664,-1.476242394,-0.843516403,-1.989608115,-1.716899226,-1.161537619,-0.746741671
1,1.825351343,0.082062564,1.815421453,2.378115358,1.622064685,1.689321874,0.261480976,1.814917462,2.060127853,0.61534943
0,-1.19248122,-0.616801341,-1.38332773,-1.749801086,-1.399294194,-0.190855825,-1.578583711,-1.336647976,-1.06428235,-0.73900834
0,-1.163316385,-0.919842692,-1.844186225,-2.221479223,-1.484103154,-1.383553507,-1.706862143,-2.619276655,-1.582544066,-1.663207374
0,-0.630040278,-1.832717765,-0.810879392,-1.177374162,-0.895223008,0.794930099,-2.182671701,-0.37009858,-0.297657983,-0.106156398
0,0.398796447,0.18743319,0.26164162,-0.410247934,0.261692452,-0.285810519,0.325777795,0.455995485,-0.751612968,0.863018918
1,1.902610287,2.149823051,1.710444264,1.535540856,1.713470139,0.977618588,0.976616698,2.198001659,0.907120156,1.66942728
0,-0.050030585,0.54460057,-0.528404837,-0.357544938,0.282593481,-0.616091039,0.585155847,-1.024412799,0.589139859,-0.895647153
1,-1.238765634,-1.300330422,-0.991926388,-0.967499287,-1.431626306,-0.963167068,-1.285360099,-0.566681302,-1.916365019,-0.505797227
1,-0.693660079,-0.245050732,-0.568840876,-0.640399546,-0.656600102,-0.852494141,0.139146173,-1.014298878,-0.342929171,-1.370645444
1,2.195221766,0.587635917,2.175557217,1.584452068,2.164661238,1.555860154,-0.026369976,1.405081004,2.382799381,1.329843998
0,-1.01073563,-1.185722621,-1.125481687,-1.080292818,-1.023140084,-1.125214832,-0.985491902,-1.480083062,-1.04610984,-1.071239263
1,-0.49796668,1.623420473,0.539642972,1.999436591,0.896956302,-1.442374135,1.16701006,1.317105119,0.796241012,0.488572572
1,-0.195341332,-0.197564307,0.717981858,1.383388495,1.096226374,-0.000345861,1.258828689,1.406279126,1.764831841,0.008320411
0,0.871372257,-0.086073452,0.379813342,-0.973350117,0.879321082,2.13093934,-2.006989181,0.643497191,1.386740219,1.704367683
1,-0.609988541,-0.563561035,-0.49530502,0.097945786,-0.878128705,-0.732241093,-0.498118098,-0.276636039,-1.226056891,-0.507769294
1,-0.330653757,0.942498298,0.041467079,0.187162355,0.495668049,-0.454238419,0.026779618,0.289156379,0.755889638,0.423945547
1,0.785575376,1.565168572,1.034215456,1.703758375,1.319231549,-0.94984014,2.064191355,0.691908712,0.99232362,-0.043429392
0,-1.338655869,-0.082847185,-0.831015222,-0.723482818,-0.722507512,-0.300406166,0.048663403,-0.00012797,-0.299086395,-0.305524185
0,0.560962173,-1.20186625,-0.075068287,0.13414747,-0.161254369,0.036969351,-0.119184698,-0.720730026,-0.237278958,-0.896980671
1,1.661353997,1.102627263,1.614491854,0.786851575,1.766997136,1.52154465,-0.413499559,1.827562879,1.57953088,1.995326139
0,0.576721563,0.10419649,0.379475659,-0.18557091,-0.189756405,0.337364237,-1.073827965,-0.480586415,-0.326427402,0.047351452
1,0.903256115,0.783480501,1.216954492,1.473011386,0.951916968,-0.538358119,0.868678568,0.96667376,0.220321329,0.413433752
0,-0.045003061,-0.273187046,-0.421062612,-0.782581761,-0.677081587,0.706761239,-1.094089721,-0.524041836,-0.605782499,-0.072970029
1,-1.884190296,-1.01141815,-1.931143168,-1.20001178,-1.54169158,-1.994753295,0.181581125,-1.536183002,-1.75759208,-1.752193941
1,1.465839425,0.808142661,1.325308345,1.358882945,0.734509067,0.686144879,-0.271629256,0.603655725,0.365745226,0.613296726
1,-0.352497369,-1.389626683,-0.94022985,-1.475143969,-0.407878053,-0.091837118,-0.649824547,-1.116801582,-0.44583129,-0.563607957
1,0.909566813,-0.222621212,0.928205156,0.593891844,0.459737583,2.120099627,-0.258246651,1.865739095,0.493398658,1.794802149
0,-1.068687149,-1.400759142,-1.293480011,-1.111917914,-1.176037409,-0.983884824,-1.438677317,-1.57822934,-1.235877099,-1.100349562
0,-0.137149619,0.813768233,0.243559038,0.121721918,0.134008605,-0.910571484,0.301675351,-0.111956327,-0.370353819,-0.001393937
1,0.502635975,1.433332576,1.153094507,1.45060667,1.649652257,-0.377406326,0.785916821,1.077650583,1.893200173,0.711146705
0,0.619658038,0.569865522,0.591445685,0.475819711,0.673519142,0.844737241,0.473749243,0.43137279,1.154472113,0.136469652
1,0.289375606,0.048355677,0.472690762,0.878732211,0.032384835,0.57939318,0.828894996,0.174350101,0.614555247,-0.743017313
1,1.174736416,0.767864017,1.094931733,0.876569447,0.918860282,1.356696796,-0.461289385,1.189843582,1.003612999,1.515840511
1,0.669877524,0.448351324,0.886851457,1.755990068,0.857382963,0.261394686,1.146009554,0.858761136,1.203230012,-0.306669544
0,1.256625661,0.778693557,0.774821879,-0.464858956,0.990843243,1.619820592,-0.715101147,0.463168489,1.095188515,1.619637638
0,0.004150062,-0.371960228,-0.373553838,-0.545759318,-0.132267604,-0.385368576,-0.187818197,-0.73508064,-0.287444243,-0.360935552
0,-0.612606924,-0.458765875,-0.65921348,-0.662620802,-0.564755698,-0.85685316,0.04160328,-0.791200285,-0.895321682,-0.672418434
0,-1.959825227,-0.538800466,-1.453480152,-1.858321938,-1.854838201,0.302174006,-1.089933878,-1.229234036,-0.640252324,-0.796550542
1,0.045312348,-0.925356132,-0.077684591,-0.559485611,-0.579685573,1.036600405,-1.088251587,0.277856119,-0.547614949,0.486901859
0,0.922492002,-0.615290506,0.47845774,-1.416049362,-0.06083581,2.960336512,-2.571424403,0.417917254,0.493070589,1.205217695
1,-1.244544867,0.727579748,-0.720441389,-0.234986365,-0.743701451,-1.802092109,0.418281647,-1.222730938,-0.702865847,-0.693580237
1,0.007552605,0.737512173,0.224090647,0.841180411,0.185140833,-0.588595209,0.335643144,-0.01426331,0.363347399,-0.612051518
1,-0.98337092,-0.574766265,-0.934481294,-0.698113335,-1.338336001,-0.792449358,0.135221678,-1.344009745,-1.176070924,-1.298813569
1,-0.355948993,-1.744496815,-0.47141397,-0.740565636,-0.611208311,0.978401049,-0.967893618,-0.414363424,0.152968083,-0.642307528
0,0.687105955,-2.030205767,0.090591151,-0.094748507,0.057670384,1.579355489,-1.893977289,0.07610347,0.472248588,-0.452010208
1,0.246573491,-0.570156008,0.267361384,0.671153127,-0.272358426,0.563173935,-0.418246271,0.234866075,-0.139230218,-0.018542309
1,-0.816091228,0.780687296,0.057094619,-0.095950918,0.549704569,-0.606504921,-0.016946983,0.729338273,0.648015463,1.032028485
0,-0.28014725,0.017842532,-0.3962499,-0.80227191,-1.177168828,-0.447224769,0.33307242,-1.106759803,-1.660607199,-0.424326748
0,3.258931399,0.201384964,2.472304156,1.524787573,2.643545796,1.787060114,-2.352815674,2.293259677,1.33916969,3.248067596
1,0.110380528,0.71875185,-0.112412548,-0.278906275,0.210069887,-0.786854802,0.045879955,0.022088081,-0.770651073,1.055877529
0,-0.503049831,-1.077019309,-0.900878408,-1.560547709,-1.141495841,-0.480108039,0.050480222,-1.088184189,-1.816145887,-0.439485572
0,0.379607175,0.643205178,-0.117451432,-0.306340421,-0.445290811,-0.328635163,0.010412888,-0.99216132,-0.922696813,-0.36557873
0,-0.064594726,-0.070059337,-0.414414154,-0.070892207,-0.373346637,-0.820672776,-0.199486826,-0.681152092,-0.861233323,-0.159517312
1,1.479268529,0.254692041,0.885435717,0.106829074,0.505368547,0.350260523,-0.869797339,0.05742827,-0.5252031,1.04547254
0,-2.443813106,-0.893972013,-2.24655409,-1.407124806,-1.974798868,-1.582547466,1.081571423,-1.936333709,-1.387415907,-2.143072116
1,0.347439304,0.447987106,0.037259045,-1.029360312,-0.384405769,1.62037295,-0.016076205,-0.460938195,0.250908047,0.051735911
1,0.756957036,0.666128546,1.079957865,0.73723981,0.643045502,0.448254604,-0.050695365,0.238733983,1.043661107,-0.035361679
0,0.416129794,-0.329101026,0.229785272,0.006201712,0.373627012,-0.455721518,-1.759431197,-0.527184672,0.045083166,0.254410096
0,-0.633343939,-1.423482571,-1.077346053,-1.986474266,-1.385475113,0.531171045,-1.434992345,-1.371465647,-1.172108384,-0.252156176
0,-0.438162983,-1.091621829,-0.60771754,-0.502752129,-0.877181069,0.052986836,-1.036640861,-0.84678744,-0.652324555,-0.861061646
0,-1.512062479,-1.622189613,-1.611516826,-0.922129671,-1.115364479,-0.837263087,-0.664458222,-1.017000908,-0.565185003,-1.536278445
0,-1.163050383,-1.320334522,-1.092763303,-2.07563006,-1.890230556,0.996534293,-1.755179824,-1.256470265,-0.944729118,-0.78238759
0,-0.588403367,1.498801721,-0.318457412,-0.640460411,-0.418715638,-1.109213701,1.963364375,-1.32977753,-0.353567328,-1.050710261
0,-0.676085122,-1.469759896,-0.452879188,-0.576803282,-0.383389731,1.034027217,-0.148673507,0.232480452,0.653075247,-0.544701129
0,-1.216807794,-1.237427378,-0.865912076,-0.296487496,-0.588707575,-0.28532587,-0.340303033,0.117990109,-0.055419449,-0.901594404
1,-0.307503798,0.831201176,-0.284721624,0.349310301,-0.471779332,-0.825961847,1.525367591,0.514097917,-1.269950028,0.418361616
1,-0.287886403,-1.062849508,-0.660409555,-0.629513869,-0.943003755,-0.408754394,-0.208266598,-0.660889028,-1.494495712,-0.382582284
1,-0.295591955,-0.742531346,-0.579341449,-0.661121834,-1.346020257,0.70874069,-0.489541536,-0.923521831,-0.991253301,-1.023323725
0,0.245453851,1.206764671,0.071830331,0.052911833,0.910374044,-0.262998608,0.495791335,0.140051639,1.093998257,0.444156421
1,-0.266398105,0.799409414,-0.26473866,-0.550361136,-0.646165308,-0.099516407,-0.003882835,-0.606078844,-0.756314861,-0.054493041
0,0.232202177,-0.489962699,-0.443568259,-0.596103522,0.345622478,-0.247590569,0.055563542,-0.364530208,0.040084207,0.174700485
0,-1.005131161,-0.744338611,-0.639406091,-0.480679105,-1.239815766,0.17847001,0.493792801,-0.374050403,-0.622853856,-0.944750071
1,0.768260295,-0.783310092,0.394347606,-0.081886135,0.831540926,1.152762556,-0.773651706,0.866256893,0.858135801,0.945969942
0,0.170573029,-0.427571688,-0.11491076,-0.153989791,0.425495466,-0.047140153,-0.299137152,0.553531288,-0.180757342,1.299550302
0,1.774956647,0.180547372,1.332500228,0.832239875,1.353260582,2.043822376,0.838212858,1.038672557,2.00524413,-0.086828674
1,-1.015038566,-2.914191588,-1.45917442,-1.182907131,-2.40436995,1.359857453,-1.071042426,-1.270676879,-1.39230539,-2.069873991
0,-0.33497864,-0.242758246,-0.114443426,0.086336973,0.079277477,0.189479372,-0.1717696,0.369766539,0.172602485,0.222557757
0,-0.085757929,-0.456460669,-0.317993836,-1.232607524,-0.363257428,-0.212219871,-0.910168458,-0.911975378,-0.76978285,0.150179055
1,-1.254050526,-1.540355415,-1.947273872,-2.868790405,-1.739760676,0.190774776,-2.467312658,-1.457280129,-1.890709618,0.229405602
0,-1.177598709,-0.47032391,-0.818539564,0.022809911,-0.602251084,-0.250111569,0.239935471,0.161195527,-0.054337526,-0.630842742
1,0.008471243,1.090455784,0.291566543,0.672365071,-0.122469482,-0.092160913,1.630618979,0.372876833,-0.144618305,0.060210911
0,-0.403822239,1.278184889,0.217160481,0.894572801,-0.44392453,-0.990168049,2.394562132,0.117635914,-0.805386455,-0.329292654
1,0.164332526,-1.40280866,0.026061415,0.319553508,0.363929261,-0.286075157,0.331846101,-0.840534078,0.712340127,-1.553283764
1,1.811117214,1.30375527,1.323743495,-0.095161897,0.877787666,1.256719704,-0.116310393,0.714502389,-0.05926057,1.775624459
1,0.425484222,0.312028504,0.241545626,-0.192617217,0.404818471,0.11215728,1.685997833,-0.120686774,0.342873443,-0.231185866
0,-0.679174114,0.360917855,-0.477374497,-0.151632988,-0.084246824,-0.704402256,-0.058841927,-0.256006054,-0.019636516,0.353374047
1,0.893121233,0.145237072,0.041891019,-0.494094583,0.106295674,0.597158543,-0.030344213,-0.932430113,0.104170506,-0.36669545
1,-0.779297623,0.251065062,-0.095887136,-0.166810923,-0.347934192,0.906973655,-0.212518177,1.599585672,-0.103454354,1.65456636
0,-0.859293876,-0.451760926,-1.101749248,-0.585935094,-0.244155295,-0.967240714,0.807023389,-0.283898827,-0.472319109,-0.609439911
1,1.381926295,-0.836357404,0.824846061,0.391520177,0.236896357,0.512641218,-1.290077779,0.009780004,-0.689322774,0.74088557
1,-0.257926598,0.230934373,-0.444388507,-1.048771681,0.509074248,-0.35095044,-0.504208067,0.428497177,-0.04076251,1.471905857
1,0.327478425,-0.163615095,-0.178032112,0.7789294,0.895107337,-0.604103057,-0.215860259,0.596029111,0.481463666,0.413892463
0,-0.524449875,0.20791034,-0.942408728,-1.089517729,-0.210546722,-0.713767454,-0.313914366,-0.444696922,-0.780982021,0.633327456
1,0.816402638,0.167718427,0.738491998,0.631223032,0.901295121,-0.059522505,-0.310763587,0.764538378,0.44211075,0.787903074
1,-0.075284511,-0.830173633,-0.087292092,-0.569904844,-0.605878164,-0.42642016,-0.378074208,-1.255960019,-0.814627447,-0.838165822
0,-2.256737044,-2.134176671,-2.63954808,-2.013361541,-2.531223759,-1.197147571,-2.008619685,-3.052469402,-1.802623017,-2.22793619
0,0.720853383,0.211744942,0.687627979,0.591164837,0.860801312,-0.177632893,0.280846706,0.912415503,0.262743217,1.04173109
1,1.518652637,0.561290219,1.52789153,1.286498091,1.314522677,1.389667802,-1.006330434,1.937467061,1.015873937,2.041425614
0,-0.753652496,-0.734132174,-0.729106566,-1.035859957,-1.019604695,1.416163215,-1.155268423,-0.142320126,0.080637956,-0.28206615
0,-0.822646998,-1.084784463,-0.256723122,0.429587924,-0.793579668,1.16886239,-0.186350391,0.486646834,0.669043862,-0.963385414
1,1.734320413,2.136813771,1.827922396,1.0550194,1.807947386,1.409708724,0.446212761,1.805346458,1.681415538,2.023141226
1,1.227059624,0.938236123,1.303755561,0.503965471,0.96266124,1.399314331,0.447396146,1.005832692,1.131529601,0.59594049
0,0.885866848,0.022548852,0.062083961,-0.79392069,-0.168605986,0.166867197,-1.081864748,-0.733156618,-1.1369486,0.577662247
0,-2.618491967,-0.311943633,-2.034907227,-1.326300831,-1.203673958,-1.562481985,0.367236349,-0.758907852,-0.707604251,-0.757811354
0,-0.351930552,0.394461396,-0.499643762,0.207282195,0.079838289,-1.115441948,1.354335359,-0.201843717,-0.272636778,-0.634346417
0,0.394119889,-1.060862543,0.305370657,0.440733313,-0.124183157,0.62106274,-0.346891861,0.10383197,0.055552893,-0.42633649
0,-1.224128798,0.773335988,-0.593498125,-0.322605944,-1.053357602,-0.224291404,1.071438928,0.021276169,-0.800460147,0.22457158
1,0.51476329,1.455992254,1.141999082,1.362660494,0.740963379,0.313469924,-0.676331827,1.366725971,0.733320669,0.78164945
1,-2.006389431,-1.334246818,-2.206519121,-1.647366506,-1.547955069,-1.922712498,-0.910761499,-2.052303159,-1.530957153,-1.532692123
0,-0.923842306,0.041160562,-0.83542051,-0.470863715,0.424516875,-1.280458718,-0.215199581,-0.386795529,0.622398637,-0.334227587
0,-0.35943926,-0.825756619,-0.372436035,-0.561899964,-0.35414176,-0.159325504,-0.402374616,-0.862995725,0.108395463,-0.932571514
1,-1.717547782,-0.522260577,-1.892972068,-1.3808722,-1.715980926,-2.383546955,0.185317777,-2.04693172,-2.354880399,-1.333117616
0,0.36138507,-0.19242481,-0.132897906,-0.000139975,0.427199138,-1.214574016,-0.08776959,-0.93216548,-0.199734581,-0.482470721
1,0.964779325,0.057290509,0.61765481,0.032290825,0.912530784,0.721930922,-1.53870544,0.777373675,0.639138911,1.357859327
1,0.266672926,-0.499093848,0.420906567,0.586624009,0.713679208,-0.086964353,0.22102954,0.539043699,0.75161278,-0.10436217
0,-1.426183148,-1.029372206,-1.257680731,-0.771543257,-1.805503528,-1.69731417,-0.744725694,-1.446237397,-2.589969701,-1.058276669
1,0.16905292,0.415770366,0.245072204,0.473887037,0.12177283,0.424514338,-0.254291121,0.063826987,0.782336139,-0.152634914
0,-2.14757354,-0.62847405,-2.057061004,-0.956793972,-1.99348419,-1.732643942,0.819036374,-1.715941643,-1.704146328,-2.025519741
1,1.09561125,1.454092654,1.68969815,1.746345919,1.476996545,0.648805509,1.84793616,1.10740545,1.979191643,0.203905449
0,-0.291316349,0.991154663,-0.262964717,0.4740397,0.469034446,-1.193037912,-0.388399135,0.279956117,0.143197471,0.408838724
1,1.218701883,1.244424577,1.101168861,0.453112096,2.389772084,1.556748685,0.664756588,2.425396407,2.593950657,2.371961711
1,-1.685122205,-1.570392762,-1.72255181,-0.603348851,-1.225161657,-2.397660286,0.504925682,-1.443156518,-1.49893207,-2.615201587
1,1.027500515,1.407489308,1.056213478,1.176860952,2.134374731,-0.36180642,0.289203889,1.184487001,1.744219795,1.398627729
1,2.426588284,2.721508489,2.589841165,3.199369551,2.847800616,0.658295472,2.5535344,2.750089021,2.420414226,1.364257547
1,1.158938778,1.009430135,2.065467205,1.913501347,1.503773885,1.534431511,0.9595626,2.384408728,1.881463477,0.987874365
0,0.125830284,1.438074913,0.226863824,-0.404695523,0.467674117,1.096927301,-0.229906969,1.420028715,0.357569685,2.311907867
1,0.806909809,3.498494781,1.268495267,1.333480591,1.375617122,0.009583525,1.254533451,1.78761518,0.833523475,2.378400596
1,1.436347062,0.523622939,1.341489514,0.813989611,0.944736244,0.640761217,1.577210923,0.715694996,0.549480547,0.092548053
1,1.860047725,0.567518636,2.206362559,1.35528029,1.183900274,2.883059197,-1.143426753,2.295757793,1.368225387,2.486063673
1,1.582096986,0.877628463,1.33459831,1.593116378,1.575913523,0.179704231,-0.798051783,0.860579439,1.144837295,1.066191564
1,0.025468408,0.302727851,0.199415416,-0.073658637,0.211674265,0.561145907,-1.173399045,0.772674176,0.43030968,0.812338756
1,0.16059625,-0.461724487,-0.145508688,0.180320823,-0.167311236,-0.034970141,0.155902914,-0.061288137,-0.462685171,-0.014554431
1,-1.090525951,-0.325156602,-0.610272846,0.836774108,-0.62655677,-1.868165486,1.075706891,-1.084153565,-0.299754554,-2.021422278
0,0.250963547,-1.434670057,0.535686005,1.29043031,-0.123477819,-0.355760352,-0.300668034,-0.116817624,-0.138387325,-1.271801756
1,-0.391896804,0.775180457,0.128017141,1.099570472,0.801322881,-1.246298389,1.459353037,0.88777031,0.669870488,0.320766642
1,0.160686262,0.371322904,0.210158497,-0.031582013,0.063059112,-0.489355236,-0.825986873,0.442824214,-0.81267999,0.895953309
1,0.841372349,0.341062889,0.61308106,0.869279123,0.691883269,0.649431045,1.340398681,0.758223222,0.567619378,0.434933196
0,-1.130827761,0.193169457,-0.951848134,-0.846229084,-1.483890586,0.228159582,-0.270167634,-0.685112284,-0.834303119,-0.81529847
0,-0.905985186,-0.770599884,-1.310385808,-1.160958794,-0.92056266,-0.565613114,-0.010897409,-0.726942799,-0.859075548,-0.996962546
1,-0.389319626,-0.165576397,-0.116847284,0.690961562,0.037682121,-1.41096843,1.799268782,-0.039721679,-0.401217956,-0.549533559
1,1.292707554,0.910987194,1.198639411,0.68500602,1.343258348,0.60119619,1.223481815,1.215100678,0.723136876,1.113661791
1,2.754685878,1.770181005,3.380721603,2.737783295,2.363418045,2.594508585,0.905298142,2.491236724,2.912915598,1.506210321
1,-0.279427909,-0.363823369,-0.452201952,-1.177076667,-0.529655737,0.260738252,0.290658713,-0.783966099,-0.406986742,-0.281110329
1,-0.199988867,0.757641939,0.018821981,0.459643355,-0.001085077,-1.404343799,0.937189223,-0.595402515,-0.366621774,-0.563437121
1,-0.590541637,-1.375132549,-1.131124336,-1.06991595,-0.656835387,-0.336774344,-1.211024695,-0.666713984,-0.986673233,0.037326517
1,1.436236823,0.612596226,0.92555167,0.72203267,1.32274727,-0.503497107,1.38650521,0.680539669,-0.087979476,0.829231456
1,-0.033620288,-1.354588452,-0.331494027,-0.572242657,-0.089073099,0.609323823,-0.809487447,-0.185693378,0.086125855,-0.023283899
0,-0.026352753,0.748932893,0.186384348,-0.038964689,0.453984072,-0.229541179,0.253678196,0.116240455,0.589677245,0.10190936
1,-1.379788876,-0.534444698,-1.922940173,-1.419070337,-1.624780394,-0.805322907,1.023830885,-1.215159742,-1.691056425,-1.350146911
1,1.063851626,1.095323489,1.235345971,0.622888285,0.295491987,1.072773564,-0.057576358,0.433632939,0.355114359,0.380326277
0,-2.07991099,-0.861096125,-2.055859981,-1.359584785,-1.08669585,-2.032108023,-0.208854676,-0.85060087,-1.404359476,-0.899911812
1,0.009002113,0.078351153,-0.162494898,0.519241893,0.437550387,1.533003221,-0.089713659,0.853012194,1.650415293,0.322517681
0,1.112266034,0.105496012,0.411511688,-0.090364699,0.704613358,-0.278459321,0.486314184,-0.780223088,-0.000835098,-0.068328822
0,-0.534765276,0.954262365,-0.25791547,-0.291939258,0.061985177,-0.843882413,-0.717896175,-0.519947747,0.299583442,0.286410828
1,0.058164399,-0.375879454,0.141667795,0.329405409,-0.225172216,0.007738612,-0.149463909,-1.047313638,0.520689301,-1.500763975
0,-0.159630796,-0.970928342,-0.219111666,-0.611885383,-0.109214807,0.455548759,-1.301900473,0.067212884,-0.017823556,0.036973057
1,-0.317583868,0.219154661,-0.841935953,-0.372444687,0.204370974,-1.975335455,0.619452482,-1.619001153,0.050385007,-1.123145246
1,-0.315544192,1.288175284,-0.21468456,-0.034231215,-0.084687618,-1.182337035,2.801125579,-0.596636809,-0.18391204,-1.022717424
0,0.542393742,-0.901069434,0.389149941,0.057177531,-0.618644316,1.085893577,-0.73355768,-0.235371967,-0.431361248,-0.058416745
1,-0.535577105,-0.407550698,-0.312337833,0.342182066,0.267228476,-0.420549046,0.159498367,0.103148946,0.828347136,-0.846881159
1,1.453347022,0.351969371,1.491713292,1.416899343,0.93821144,1.285813115,-0.246090246,1.325511311,0.777105839,0.965425487
1,0.133664011,0.095516384,0.119342511,0.642788255,-0.025695465,-0.6549793,0.158135018,-0.419680981,-0.125286844,-0.705376691
0,0.826699447,-0.06379854,0.464183313,0.383980556,0.282223239,1.282027193,-0.294752782,1.110879276,-0.078718949,1.264445448